"host_id","host_url","host_name","num_of_dirty_reviews"
237616777,"https://www.airbnb.com/users/show/237616777","Umut Özgün",21
463019242,"https://www.airbnb.com/users/show/463019242","Ugur",18
14214082,"https://www.airbnb.com/users/show/14214082","İlkay",14
262448250,"https://www.airbnb.com/users/show/262448250","Babel",14
21907588,"https://www.airbnb.com/users/show/21907588","Zeynep",14
2999837,"https://www.airbnb.com/users/show/2999837","Saban",13
21636586,"https://www.airbnb.com/users/show/21636586","VNG Property",13
390154,"https://www.airbnb.com/users/show/390154","Taner",13
354365082,"https://www.airbnb.com/users/show/354365082","G-Residences",13
4164658,"https://www.airbnb.com/users/show/4164658","Garen",11
9514105,"https://www.airbnb.com/users/show/9514105","Volkan",11
143875760,"https://www.airbnb.com/users/show/143875760","Tala",11
14875223,"https://www.airbnb.com/users/show/14875223","Murat",10
19798022,"https://www.airbnb.com/users/show/19798022","Wonder",10
8602558,"https://www.airbnb.com/users/show/8602558","Yaşar",10
13528987,"https://www.airbnb.com/users/show/13528987","Evrim",10
85893416,"https://www.airbnb.com/users/show/85893416","Parvin",10
11635163,"https://www.airbnb.com/users/show/11635163","Güner-Berivan",10
67359125,"https://www.airbnb.com/users/show/67359125","Eminönü",9
8543072,"https://www.airbnb.com/users/show/8543072","Akif",9
14787694,"https://www.airbnb.com/users/show/14787694","Fatih",9
26618301,"https://www.airbnb.com/users/show/26618301","BeyazıtHan Suites",9
96460850,"https://www.airbnb.com/users/show/96460850","Tevfik",8
3257050,"https://www.airbnb.com/users/show/3257050","Tolga",8
376581701,"https://www.airbnb.com/users/show/376581701","Nusrettin",8
238218730,"https://www.airbnb.com/users/show/238218730","Haus Suites",8
425495212,"https://www.airbnb.com/users/show/425495212","Musk",8
78456848,"https://www.airbnb.com/users/show/78456848","Bahram",8
4172454,"https://www.airbnb.com/users/show/4172454","Safa",8
17975030,"https://www.airbnb.com/users/show/17975030","Hikmet",7
50274213,"https://www.airbnb.com/users/show/50274213","Yusuf",7
100622919,"https://www.airbnb.com/users/show/100622919","Hilal",7
6440444,"https://www.airbnb.com/users/show/6440444","Oytun",7
266904815,"https://www.airbnb.com/users/show/266904815","Ayhan",7
76368690,"https://www.airbnb.com/users/show/76368690","İlkan",7
1605466,"https://www.airbnb.com/users/show/1605466","Kerem",6
792658,"https://www.airbnb.com/users/show/792658","ISlK",6
52534990,"https://www.airbnb.com/users/show/52534990","You",6
117005937,"https://www.airbnb.com/users/show/117005937","Kübra",6
29568076,"https://www.airbnb.com/users/show/29568076","Antonio",6
33186190,"https://www.airbnb.com/users/show/33186190","Ferid",6
43756225,"https://www.airbnb.com/users/show/43756225","Fırat",6
276167461,"https://www.airbnb.com/users/show/276167461","Kaan",6
128656719,"https://www.airbnb.com/users/show/128656719","Deniz",5
281670956,"https://www.airbnb.com/users/show/281670956","Selim",5
378460292,"https://www.airbnb.com/users/show/378460292","Kadir",5
34334297,"https://www.airbnb.com/users/show/34334297","Ertan",5
13858046,"https://www.airbnb.com/users/show/13858046","Mersin",5
200191206,"https://www.airbnb.com/users/show/200191206","Sedat",5
243832588,"https://www.airbnb.com/users/show/243832588","Mert",5
262552183,"https://www.airbnb.com/users/show/262552183","Meso",5
103713067,"https://www.airbnb.com/users/show/103713067","Recep Tunahan",5
6540040,"https://www.airbnb.com/users/show/6540040","Barbaros",5
21594386,"https://www.airbnb.com/users/show/21594386","Kürşad",5
261008756,"https://www.airbnb.com/users/show/261008756","Ufuk",5
1734426,"https://www.airbnb.com/users/show/1734426","Lino And Gioia",5
20080579,"https://www.airbnb.com/users/show/20080579","Eddie",5
44695496,"https://www.airbnb.com/users/show/44695496","Berna Melih Verda",5
467799744,"https://www.airbnb.com/users/show/467799744","Onur",5
8519024,"https://www.airbnb.com/users/show/8519024","Mert",5
371128956,"https://www.airbnb.com/users/show/371128956","Ali",5
183337842,"https://www.airbnb.com/users/show/183337842","Kaan",5
316505891,"https://www.airbnb.com/users/show/316505891","Dream Houses",5
239142602,"https://www.airbnb.com/users/show/239142602","Oğuz Emre",5
149915983,"https://www.airbnb.com/users/show/149915983","Mücahid",5
407409937,"https://www.airbnb.com/users/show/407409937","Zafer",5
11120250,"https://www.airbnb.com/users/show/11120250","Amida HOUSE",4
377729964,"https://www.airbnb.com/users/show/377729964","Emre",4
229048031,"https://www.airbnb.com/users/show/229048031","Ilhan",4
226487677,"https://www.airbnb.com/users/show/226487677","Engin",4
380939422,"https://www.airbnb.com/users/show/380939422","Burçak",4
223002612,"https://www.airbnb.com/users/show/223002612","James",4
45925031,"https://www.airbnb.com/users/show/45925031","Fehmi",4
46026691,"https://www.airbnb.com/users/show/46026691","Eyp",4
189516806,"https://www.airbnb.com/users/show/189516806","Meroddi Pera",4
17768502,"https://www.airbnb.com/users/show/17768502","Mia",4
196309011,"https://www.airbnb.com/users/show/196309011","Seda",4
47498991,"https://www.airbnb.com/users/show/47498991","Sertac",4
46838048,"https://www.airbnb.com/users/show/46838048","Eser",4
204823431,"https://www.airbnb.com/users/show/204823431","Halil",4
334675357,"https://www.airbnb.com/users/show/334675357","Yakup",4
14553509,"https://www.airbnb.com/users/show/14553509","Ramazan",4
6555247,"https://www.airbnb.com/users/show/6555247","Raven Suite Taksim (Mr.Tamer)",4
79601863,"https://www.airbnb.com/users/show/79601863","Yasmin Elif",4
36618058,"https://www.airbnb.com/users/show/36618058","Mehmet Cevat",4
11628655,"https://www.airbnb.com/users/show/11628655","Ozde And Omer",4
2781217,"https://www.airbnb.com/users/show/2781217","Fatma",4
56448228,"https://www.airbnb.com/users/show/56448228","Ogul",4
159592184,"https://www.airbnb.com/users/show/159592184","Cihan",4
357181033,"https://www.airbnb.com/users/show/357181033","Rodi",4
452202322,"https://www.airbnb.com/users/show/452202322","Gökay",4
22936428,"https://www.airbnb.com/users/show/22936428","Mustafa",4
447177455,"https://www.airbnb.com/users/show/447177455","Azad Homes",4
7588677,"https://www.airbnb.com/users/show/7588677","Erhan",4
255228520,"https://www.airbnb.com/users/show/255228520","Cengizhan&Ceren",4
41042847,"https://www.airbnb.com/users/show/41042847","Yasemin",4
41393568,"https://www.airbnb.com/users/show/41393568","Enis",4
10091379,"https://www.airbnb.com/users/show/10091379","Fatih",4
246770674,"https://www.airbnb.com/users/show/246770674","Ulvi",4
4404329,"https://www.airbnb.com/users/show/4404329","Coskun",4
2361238,"https://www.airbnb.com/users/show/2361238","Carolina",4
43249265,"https://www.airbnb.com/users/show/43249265","Seçkin",4
238451516,"https://www.airbnb.com/users/show/238451516","Melike",4
31135209,"https://www.airbnb.com/users/show/31135209","Cagri",4
771119,"https://www.airbnb.com/users/show/771119","Ram",4
14146652,"https://www.airbnb.com/users/show/14146652","Elvin",4
424447493,"https://www.airbnb.com/users/show/424447493","Ismail Cem",4
23037431,"https://www.airbnb.com/users/show/23037431","Yasin",3
309693640,"https://www.airbnb.com/users/show/309693640","Ismail",3
131287088,"https://www.airbnb.com/users/show/131287088","Gizem",3
318798055,"https://www.airbnb.com/users/show/318798055","Rıza",3
322207129,"https://www.airbnb.com/users/show/322207129","Beyazıt",3
2099221,"https://www.airbnb.com/users/show/2099221","Nahide",3
34330068,"https://www.airbnb.com/users/show/34330068","Sertaç",3
14468412,"https://www.airbnb.com/users/show/14468412","Umut",3
335550478,"https://www.airbnb.com/users/show/335550478","Sayeban",3
1351134,"https://www.airbnb.com/users/show/1351134","Basma",3
344331070,"https://www.airbnb.com/users/show/344331070","Fatima",3
157790972,"https://www.airbnb.com/users/show/157790972","Ece",3
352640720,"https://www.airbnb.com/users/show/352640720","Ufuk",3
361873700,"https://www.airbnb.com/users/show/361873700","Tugba",3
166810169,"https://www.airbnb.com/users/show/166810169","Canberk",3
365900986,"https://www.airbnb.com/users/show/365900986","Newinn",3
168950128,"https://www.airbnb.com/users/show/168950128","Karakoy",3
171287824,"https://www.airbnb.com/users/show/171287824","Maha & Chiko",3
1366111,"https://www.airbnb.com/users/show/1366111","Julia And Tarkan",3
373108905,"https://www.airbnb.com/users/show/373108905","Origine Rentals",3
374208780,"https://www.airbnb.com/users/show/374208780","Celal",3
17285567,"https://www.airbnb.com/users/show/17285567","Deniz And Marco",3
184564671,"https://www.airbnb.com/users/show/184564671","Tevfik",3
17709337,"https://www.airbnb.com/users/show/17709337","Ali",3
387500387,"https://www.airbnb.com/users/show/387500387","Cüneyt",3
202255063,"https://www.airbnb.com/users/show/202255063","Burak",3
18936021,"https://www.airbnb.com/users/show/18936021","Ergül",3
490877,"https://www.airbnb.com/users/show/490877","Hazar Vurgun",3
19394886,"https://www.airbnb.com/users/show/19394886","Ozan",3
217807800,"https://www.airbnb.com/users/show/217807800","Furkan Tunç",3
223450420,"https://www.airbnb.com/users/show/223450420","Mehmet",3
51888008,"https://www.airbnb.com/users/show/51888008","Zeynel",3
228223282,"https://www.airbnb.com/users/show/228223282","Richy",3
8389533,"https://www.airbnb.com/users/show/8389533","Dilara",3
420971728,"https://www.airbnb.com/users/show/420971728","Johanna Carolina",3
61682169,"https://www.airbnb.com/users/show/61682169","Bariş",3
434616682,"https://www.airbnb.com/users/show/434616682","Zafer",3
4604908,"https://www.airbnb.com/users/show/4604908","Savas",3
21882835,"https://www.airbnb.com/users/show/21882835","Muge",3
442251868,"https://www.airbnb.com/users/show/442251868","Pera",3
10341153,"https://www.airbnb.com/users/show/10341153","Ekim",3
258347666,"https://www.airbnb.com/users/show/258347666","Sema",3
10749485,"https://www.airbnb.com/users/show/10749485","Aylin",3
454998598,"https://www.airbnb.com/users/show/454998598","Nejla",3
265348694,"https://www.airbnb.com/users/show/265348694","Nael",3
24695528,"https://www.airbnb.com/users/show/24695528","Mesut",3
272396293,"https://www.airbnb.com/users/show/272396293","Oval",3
6047256,"https://www.airbnb.com/users/show/6047256","Flats Company",3
25399144,"https://www.airbnb.com/users/show/25399144","Engin",3
96752845,"https://www.airbnb.com/users/show/96752845","Özgür",3
27203459,"https://www.airbnb.com/users/show/27203459","Yavuz",3
289949651,"https://www.airbnb.com/users/show/289949651","Cesur",3
2057739,"https://www.airbnb.com/users/show/2057739","Mehmet",3
301256767,"https://www.airbnb.com/users/show/301256767","Neci̇p Atalay",3
110013636,"https://www.airbnb.com/users/show/110013636","Deniz",3
304153488,"https://www.airbnb.com/users/show/304153488","Farzin",3
306962724,"https://www.airbnb.com/users/show/306962724","Bahar",3
116103978,"https://www.airbnb.com/users/show/116103978","Ilir",3
13520466,"https://www.airbnb.com/users/show/13520466","Bedirhan",3
45723682,"https://www.airbnb.com/users/show/45723682","Levent",2
32525422,"https://www.airbnb.com/users/show/32525422","Melisa",2
379967946,"https://www.airbnb.com/users/show/379967946","Mehmet",2
420056778,"https://www.airbnb.com/users/show/420056778","Yaqota",2
377619334,"https://www.airbnb.com/users/show/377619334","Elçin",2
325818489,"https://www.airbnb.com/users/show/325818489","Khalid",2
34205117,"https://www.airbnb.com/users/show/34205117","Araz",2
231770788,"https://www.airbnb.com/users/show/231770788","Cihan",2
19740390,"https://www.airbnb.com/users/show/19740390","Okan",2
422019443,"https://www.airbnb.com/users/show/422019443","Sukı",2
55246917,"https://www.airbnb.com/users/show/55246917","Ciwan",2
17595373,"https://www.airbnb.com/users/show/17595373","Aral",2
233974632,"https://www.airbnb.com/users/show/233974632","Al",2
179578447,"https://www.airbnb.com/users/show/179578447","Volkan",2
56564764,"https://www.airbnb.com/users/show/56564764","Otel",2
17372095,"https://www.airbnb.com/users/show/17372095","Emilio",2
178160433,"https://www.airbnb.com/users/show/178160433","Element",2
425734912,"https://www.airbnb.com/users/show/425734912","Ayberk",2
375498119,"https://www.airbnb.com/users/show/375498119","Kenan",2
3785798,"https://www.airbnb.com/users/show/3785798","Miko And Roza",2
174415420,"https://www.airbnb.com/users/show/174415420","Emre",2
44656879,"https://www.airbnb.com/users/show/44656879","Çınar",2
374173980,"https://www.airbnb.com/users/show/374173980","Kent Suites",2
172309900,"https://www.airbnb.com/users/show/172309900","Tahsin",2
427998831,"https://www.airbnb.com/users/show/427998831","Yigit",2
368372295,"https://www.airbnb.com/users/show/368372295","Musa",2
170585773,"https://www.airbnb.com/users/show/170585773","Tuğba & Aytaç",2
367191883,"https://www.airbnb.com/users/show/367191883","Dindar",2
60271729,"https://www.airbnb.com/users/show/60271729","Sara",2
43170299,"https://www.airbnb.com/users/show/43170299","Matt",2
365702309,"https://www.airbnb.com/users/show/365702309","Emrah",2
304106249,"https://www.airbnb.com/users/show/304106249","Murat",2
42816106,"https://www.airbnb.com/users/show/42816106","Sabri",2
431875618,"https://www.airbnb.com/users/show/431875618","Destinia",2
433044748,"https://www.airbnb.com/users/show/433044748","Hilal",2
365410840,"https://www.airbnb.com/users/show/365410840","İlknur",2
245508111,"https://www.airbnb.com/users/show/245508111","Murat",2
291868950,"https://www.airbnb.com/users/show/291868950","Tahir",2
364919825,"https://www.airbnb.com/users/show/364919825","Hakan",2
364671554,"https://www.airbnb.com/users/show/364671554","Levent",2
66017697,"https://www.airbnb.com/users/show/66017697","Sima And Elif",2
324278814,"https://www.airbnb.com/users/show/324278814","Gökhan",2
165765800,"https://www.airbnb.com/users/show/165765800","Sinan",2
437164055,"https://www.airbnb.com/users/show/437164055","Hasret",2
4733924,"https://www.airbnb.com/users/show/4733924","Cesim",2
363428431,"https://www.airbnb.com/users/show/363428431","Mustafa",2
69089629,"https://www.airbnb.com/users/show/69089629","Metin",2
439800512,"https://www.airbnb.com/users/show/439800512","Valeriya",2
41657344,"https://www.airbnb.com/users/show/41657344","Can Serbay",2
362581827,"https://www.airbnb.com/users/show/362581827","Cihan",2
1938185,"https://www.airbnb.com/users/show/1938185","Gurhan",2
319629818,"https://www.airbnb.com/users/show/319629818","İsmet",2
254316878,"https://www.airbnb.com/users/show/254316878","Altuğ",2
361781992,"https://www.airbnb.com/users/show/361781992","Ahmet Cagrı",2
361599493,"https://www.airbnb.com/users/show/361599493","Marouene",2
445467386,"https://www.airbnb.com/users/show/445467386","Volter",2
114166975,"https://www.airbnb.com/users/show/114166975","Gokhan",2
4980245,"https://www.airbnb.com/users/show/4980245","Nelly",2
10629707,"https://www.airbnb.com/users/show/10629707","Mert",2
446441917,"https://www.airbnb.com/users/show/446441917","Cansu",2
257951141,"https://www.airbnb.com/users/show/257951141","Doruk",2
40611120,"https://www.airbnb.com/users/show/40611120","Hande",2
318679765,"https://www.airbnb.com/users/show/318679765","Serhat",2
258350496,"https://www.airbnb.com/users/show/258350496","Zeynep",2
360435323,"https://www.airbnb.com/users/show/360435323","Hasan",2
258814514,"https://www.airbnb.com/users/show/258814514","Salih Buğra",2
359997553,"https://www.airbnb.com/users/show/359997553","Asgar",2
259032796,"https://www.airbnb.com/users/show/259032796","Ramood",2
132151322,"https://www.airbnb.com/users/show/132151322","Hakan",2
358672851,"https://www.airbnb.com/users/show/358672851","Hakkı",2
161177044,"https://www.airbnb.com/users/show/161177044","Özgür",2
1741068,"https://www.airbnb.com/users/show/1741068","Tolga",2
357485008,"https://www.airbnb.com/users/show/357485008","Yusuf",2
261699610,"https://www.airbnb.com/users/show/261699610","Halit",2
355951641,"https://www.airbnb.com/users/show/355951641","Asim",2
7238971,"https://www.airbnb.com/users/show/7238971","Can",2
7164203,"https://www.airbnb.com/users/show/7164203","Eren",2
2769925,"https://www.airbnb.com/users/show/2769925","Pelin",2
15384533,"https://www.airbnb.com/users/show/15384533","Nida",2
76702506,"https://www.airbnb.com/users/show/76702506","İrem",2
264734391,"https://www.airbnb.com/users/show/264734391","Zehra",2
33104525,"https://www.airbnb.com/users/show/33104525","Yavuz",2
310476617,"https://www.airbnb.com/users/show/310476617","Gokce & Mustafa Bugra",2
6971016,"https://www.airbnb.com/users/show/6971016","Cagri",2
582060,"https://www.airbnb.com/users/show/582060","Fernando",2
266024274,"https://www.airbnb.com/users/show/266024274","Murat Şahin",2
266095291,"https://www.airbnb.com/users/show/266095291","Marcel",2
349801204,"https://www.airbnb.com/users/show/349801204","Naci",2
15224334,"https://www.airbnb.com/users/show/15224334","Emrah",2
14873714,"https://www.airbnb.com/users/show/14873714","Oya",2
267313392,"https://www.airbnb.com/users/show/267313392","Ulaş",2
36534433,"https://www.airbnb.com/users/show/36534433","Koray",2
269174334,"https://www.airbnb.com/users/show/269174334","Merve & Ahmet",2
340363616,"https://www.airbnb.com/users/show/340363616","Doğan",2
107744058,"https://www.airbnb.com/users/show/107744058","Yavuz",2
458175686,"https://www.airbnb.com/users/show/458175686","Berk",2
83212413,"https://www.airbnb.com/users/show/83212413","Cihan",2
466302,"https://www.airbnb.com/users/show/466302","Demir",2
2911496,"https://www.airbnb.com/users/show/2911496","Nadira",2
459560791,"https://www.airbnb.com/users/show/459560791","Ömer",2
304448264,"https://www.airbnb.com/users/show/304448264","Harun & Emre",2
36519451,"https://www.airbnb.com/users/show/36519451","Omer",2
338089084,"https://www.airbnb.com/users/show/338089084","Emre",2
688760,"https://www.airbnb.com/users/show/688760","Ali İbrahim",2
109778119,"https://www.airbnb.com/users/show/109778119","Duygu",2
31204048,"https://www.airbnb.com/users/show/31204048","Ceyhan",2
35131712,"https://www.airbnb.com/users/show/35131712","Alev",2
25599170,"https://www.airbnb.com/users/show/25599170","Verda",2
12735350,"https://www.airbnb.com/users/show/12735350","Enes",2
26511605,"https://www.airbnb.com/users/show/26511605","Onur",2
279959618,"https://www.airbnb.com/users/show/279959618","Zehra Elçin",2
34494372,"https://www.airbnb.com/users/show/34494372","Antique",2
94632030,"https://www.airbnb.com/users/show/94632030","Cem",2
330426351,"https://www.airbnb.com/users/show/330426351","Mehmet",2
202245660,"https://www.airbnb.com/users/show/202245660","Musa",2
329284317,"https://www.airbnb.com/users/show/329284317","Efendi",2
390987237,"https://www.airbnb.com/users/show/390987237","Emre",2
392186832,"https://www.airbnb.com/users/show/392186832","Muhammed Talha",2
46602896,"https://www.airbnb.com/users/show/46602896","Aren",2
18145071,"https://www.airbnb.com/users/show/18145071","Erdem",2
394858049,"https://www.airbnb.com/users/show/394858049","Mevlud",2
206624298,"https://www.airbnb.com/users/show/206624298","Firez",2
7902155,"https://www.airbnb.com/users/show/7902155","Kubilay",2
283866489,"https://www.airbnb.com/users/show/283866489","Stay Lab",2
328936513,"https://www.airbnb.com/users/show/328936513","Serhat",2
389211368,"https://www.airbnb.com/users/show/389211368","Taner",2
466392755,"https://www.airbnb.com/users/show/466392755","Sercan",2
214808770,"https://www.airbnb.com/users/show/214808770","Malik Satılmıs",2
19597425,"https://www.airbnb.com/users/show/19597425","Fuad",2
216066129,"https://www.airbnb.com/users/show/216066129","Ahmet",2
406572387,"https://www.airbnb.com/users/show/406572387","Galata",2
196206522,"https://www.airbnb.com/users/show/196206522","Yücel",2
407606053,"https://www.airbnb.com/users/show/407606053","Ying Shan",2
407659794,"https://www.airbnb.com/users/show/407659794","Büşra",2
216719223,"https://www.airbnb.com/users/show/216719223","Yakup",2
110769021,"https://www.airbnb.com/users/show/110769021","Cityloft",2
408806317,"https://www.airbnb.com/users/show/408806317","Buse",2
218263044,"https://www.airbnb.com/users/show/218263044","Eren",2
219525689,"https://www.airbnb.com/users/show/219525689","Timur",2
386279008,"https://www.airbnb.com/users/show/386279008","Denizhan",2
50800210,"https://www.airbnb.com/users/show/50800210","Hakan&Turkan",2
852380,"https://www.airbnb.com/users/show/852380","Ilker",2
187248999,"https://www.airbnb.com/users/show/187248999","Ck",2
467065365,"https://www.airbnb.com/users/show/467065365","Furkan",2
224599953,"https://www.airbnb.com/users/show/224599953","Ahmet",2
285840776,"https://www.airbnb.com/users/show/285840776","Doğukan",2
380710105,"https://www.airbnb.com/users/show/380710105","Onur",2
52115311,"https://www.airbnb.com/users/show/52115311","Sibel",2
245505066,"https://www.airbnb.com/users/show/245505066","Faruk",1
246156594,"https://www.airbnb.com/users/show/246156594","Ayse",1
246859199,"https://www.airbnb.com/users/show/246859199","Özkan",1
247073193,"https://www.airbnb.com/users/show/247073193","Morning",1
247364123,"https://www.airbnb.com/users/show/247364123","Şaban",1
249627551,"https://www.airbnb.com/users/show/249627551","Hilal",1
250269045,"https://www.airbnb.com/users/show/250269045","Sevda",1
251836435,"https://www.airbnb.com/users/show/251836435","Hassan Bin",1
251921854,"https://www.airbnb.com/users/show/251921854","Mohammad",1
252554623,"https://www.airbnb.com/users/show/252554623","Yunus",1
252989455,"https://www.airbnb.com/users/show/252989455","Veysel",1
255934674,"https://www.airbnb.com/users/show/255934674","Salih",1
256755619,"https://www.airbnb.com/users/show/256755619","Elif",1
257588913,"https://www.airbnb.com/users/show/257588913","Afranur",1
257786782,"https://www.airbnb.com/users/show/257786782","Suphi",1
258527937,"https://www.airbnb.com/users/show/258527937","Noor",1
259003882,"https://www.airbnb.com/users/show/259003882","Damla",1
259213089,"https://www.airbnb.com/users/show/259213089","Nasaruddin",1
259350581,"https://www.airbnb.com/users/show/259350581","5B Homes",1
261142261,"https://www.airbnb.com/users/show/261142261","Emre Can",1
263042435,"https://www.airbnb.com/users/show/263042435","Bingül",1
263739424,"https://www.airbnb.com/users/show/263739424","Leo",1
264029986,"https://www.airbnb.com/users/show/264029986","Arzu",1
264046078,"https://www.airbnb.com/users/show/264046078","Rano",1
265375486,"https://www.airbnb.com/users/show/265375486","Mehmet",1
265400440,"https://www.airbnb.com/users/show/265400440","Bahattin",1
266206164,"https://www.airbnb.com/users/show/266206164","Ali",1
267115482,"https://www.airbnb.com/users/show/267115482","Özlem",1
267699016,"https://www.airbnb.com/users/show/267699016","Ibrahim",1
269576871,"https://www.airbnb.com/users/show/269576871","Şermin",1
269868669,"https://www.airbnb.com/users/show/269868669","Abdullah",1
270219756,"https://www.airbnb.com/users/show/270219756","Berkay",1
271284684,"https://www.airbnb.com/users/show/271284684","Tulin",1
271552659,"https://www.airbnb.com/users/show/271552659","Ali",1
272546877,"https://www.airbnb.com/users/show/272546877","Mete",1
272993693,"https://www.airbnb.com/users/show/272993693","Esra",1
275056221,"https://www.airbnb.com/users/show/275056221","Yunusemre",1
275465568,"https://www.airbnb.com/users/show/275465568","Muhammed Fatih",1
275811685,"https://www.airbnb.com/users/show/275811685","Vahap",1
277104368,"https://www.airbnb.com/users/show/277104368","Parvin",1
277331315,"https://www.airbnb.com/users/show/277331315","Kemal",1
279227400,"https://www.airbnb.com/users/show/279227400","Salih",1
280317041,"https://www.airbnb.com/users/show/280317041","Bünyamin",1
282374356,"https://www.airbnb.com/users/show/282374356","Şafak",1
285058387,"https://www.airbnb.com/users/show/285058387","Anas",1
285085481,"https://www.airbnb.com/users/show/285085481","Burak Mustafa",1
286090194,"https://www.airbnb.com/users/show/286090194","Seyfulla",1
286900353,"https://www.airbnb.com/users/show/286900353","Aziz",1
293047462,"https://www.airbnb.com/users/show/293047462","Nes",1
294356419,"https://www.airbnb.com/users/show/294356419","Hussein",1
297319980,"https://www.airbnb.com/users/show/297319980","George",1
297835051,"https://www.airbnb.com/users/show/297835051","Timur",1
298151896,"https://www.airbnb.com/users/show/298151896","Derin",1
299311905,"https://www.airbnb.com/users/show/299311905","Baran",1
299560184,"https://www.airbnb.com/users/show/299560184","Enver",1
299638779,"https://www.airbnb.com/users/show/299638779","Oğuzhan",1
300678963,"https://www.airbnb.com/users/show/300678963","Mustafa",1
301535279,"https://www.airbnb.com/users/show/301535279","Ozgur",1
302539653,"https://www.airbnb.com/users/show/302539653","Marzieh",1
302897457,"https://www.airbnb.com/users/show/302897457","Emrah",1
303185676,"https://www.airbnb.com/users/show/303185676","Jermain & Zübeyde",1
305035999,"https://www.airbnb.com/users/show/305035999","Brain",1
306577213,"https://www.airbnb.com/users/show/306577213","Yazıcı Residence",1
307210883,"https://www.airbnb.com/users/show/307210883","Azat",1
308079226,"https://www.airbnb.com/users/show/308079226","Hakan",1
308220849,"https://www.airbnb.com/users/show/308220849","Cemil",1
309587273,"https://www.airbnb.com/users/show/309587273","Mustafa",1
309916375,"https://www.airbnb.com/users/show/309916375","Ufuk",1
311302453,"https://www.airbnb.com/users/show/311302453","Başar",1
313016683,"https://www.airbnb.com/users/show/313016683","Doğu",1
315897276,"https://www.airbnb.com/users/show/315897276","Tunahan",1
316021497,"https://www.airbnb.com/users/show/316021497","Samet Serdar",1
317056094,"https://www.airbnb.com/users/show/317056094","Atakan",1
317956198,"https://www.airbnb.com/users/show/317956198","Mehmet",1
318523377,"https://www.airbnb.com/users/show/318523377","Songül",1
319777136,"https://www.airbnb.com/users/show/319777136","StayinnBalat",1
322700905,"https://www.airbnb.com/users/show/322700905","Ozlem",1
324851831,"https://www.airbnb.com/users/show/324851831","Ali Murat",1
324955970,"https://www.airbnb.com/users/show/324955970","Serkan",1
325805485,"https://www.airbnb.com/users/show/325805485","Gülşah",1
326391893,"https://www.airbnb.com/users/show/326391893","Yakup",1
330204236,"https://www.airbnb.com/users/show/330204236","Avşin",1
332633803,"https://www.airbnb.com/users/show/332633803","Gizem",1
332820813,"https://www.airbnb.com/users/show/332820813","Özgür",1
334043790,"https://www.airbnb.com/users/show/334043790","Uthman",1
336493440,"https://www.airbnb.com/users/show/336493440","Royal Galata",1
338475209,"https://www.airbnb.com/users/show/338475209","Karamans Si̇rkeci̇",1
339825854,"https://www.airbnb.com/users/show/339825854","Altuğ",1
340181428,"https://www.airbnb.com/users/show/340181428","Hakan",1
345539493,"https://www.airbnb.com/users/show/345539493","Yusuf",1
348318278,"https://www.airbnb.com/users/show/348318278","Rosso",1
348385069,"https://www.airbnb.com/users/show/348385069","Sami Abdullah",1
348400776,"https://www.airbnb.com/users/show/348400776","David",1
348566168,"https://www.airbnb.com/users/show/348566168","Mahmud",1
348940276,"https://www.airbnb.com/users/show/348940276","Tusem",1
349137401,"https://www.airbnb.com/users/show/349137401","Nevzat Cengiz",1
350283390,"https://www.airbnb.com/users/show/350283390","Deniz",1
351221740,"https://www.airbnb.com/users/show/351221740","Melek",1
351479693,"https://www.airbnb.com/users/show/351479693","Yeliz",1
352665715,"https://www.airbnb.com/users/show/352665715","Birhat",1
353712589,"https://www.airbnb.com/users/show/353712589","Emagine",1
355673258,"https://www.airbnb.com/users/show/355673258","Yiğit Murat",1
358294300,"https://www.airbnb.com/users/show/358294300","Mustafa",1
360876788,"https://www.airbnb.com/users/show/360876788","Beytullah",1
361058498,"https://www.airbnb.com/users/show/361058498","Berkay",1
361928262,"https://www.airbnb.com/users/show/361928262","Rakib",1
362262455,"https://www.airbnb.com/users/show/362262455","Lana",1
363132760,"https://www.airbnb.com/users/show/363132760","Abdelvahab",1
363857968,"https://www.airbnb.com/users/show/363857968","Ali",1
364777334,"https://www.airbnb.com/users/show/364777334","Josef",1
365537015,"https://www.airbnb.com/users/show/365537015","Orhan",1
366120821,"https://www.airbnb.com/users/show/366120821","Ferdi",1
366520743,"https://www.airbnb.com/users/show/366520743","Eren",1
366549608,"https://www.airbnb.com/users/show/366549608","Gokhan",1
366906903,"https://www.airbnb.com/users/show/366906903","Gökhan",1
367990955,"https://www.airbnb.com/users/show/367990955","Muhammed",1
368423101,"https://www.airbnb.com/users/show/368423101","Sejo",1
369535177,"https://www.airbnb.com/users/show/369535177","Volkan",1
370152134,"https://www.airbnb.com/users/show/370152134","Kemal",1
372276159,"https://www.airbnb.com/users/show/372276159","Gen Suites",1
374348222,"https://www.airbnb.com/users/show/374348222","Mert",1
374687655,"https://www.airbnb.com/users/show/374687655","Ilker",1
374694076,"https://www.airbnb.com/users/show/374694076","Engin",1
375392405,"https://www.airbnb.com/users/show/375392405","Ali",1
375483777,"https://www.airbnb.com/users/show/375483777","Omar",1
376115356,"https://www.airbnb.com/users/show/376115356","Mutlu",1
376622480,"https://www.airbnb.com/users/show/376622480","Güliz",1
377001242,"https://www.airbnb.com/users/show/377001242","Nergiz",1
377116047,"https://www.airbnb.com/users/show/377116047","Osmann",1
378172776,"https://www.airbnb.com/users/show/378172776","Omer",1
380401388,"https://www.airbnb.com/users/show/380401388","Kenan",1
380420088,"https://www.airbnb.com/users/show/380420088","Hakki",1
380691347,"https://www.airbnb.com/users/show/380691347","Holiday",1
381369199,"https://www.airbnb.com/users/show/381369199","Can",1
382512946,"https://www.airbnb.com/users/show/382512946","Azad",1
382819666,"https://www.airbnb.com/users/show/382819666","Harun",1
386321015,"https://www.airbnb.com/users/show/386321015","Hasan",1
386632280,"https://www.airbnb.com/users/show/386632280","Yeganeh",1
387153698,"https://www.airbnb.com/users/show/387153698","Elif",1
387500263,"https://www.airbnb.com/users/show/387500263","Agu",1
388122427,"https://www.airbnb.com/users/show/388122427","Rezo",1
388266062,"https://www.airbnb.com/users/show/388266062","Hüseyin",1
389325177,"https://www.airbnb.com/users/show/389325177","Mehmet Cihan",1
391416566,"https://www.airbnb.com/users/show/391416566","Yasin",1
391991023,"https://www.airbnb.com/users/show/391991023","Assem",1
392083845,"https://www.airbnb.com/users/show/392083845","Doğan",1
393716575,"https://www.airbnb.com/users/show/393716575","Mirkerim",1
394364899,"https://www.airbnb.com/users/show/394364899","Serdar",1
395367621,"https://www.airbnb.com/users/show/395367621","Mohamed",1
395633838,"https://www.airbnb.com/users/show/395633838","Mustafa",1
397193663,"https://www.airbnb.com/users/show/397193663","Özden",1
397209720,"https://www.airbnb.com/users/show/397209720","Muratcan",1
397844518,"https://www.airbnb.com/users/show/397844518","Merve",1
398289429,"https://www.airbnb.com/users/show/398289429","Okan",1
399791275,"https://www.airbnb.com/users/show/399791275","Tuğba",1
402535724,"https://www.airbnb.com/users/show/402535724","Pınar",1
404115552,"https://www.airbnb.com/users/show/404115552","Ecem",1
408191182,"https://www.airbnb.com/users/show/408191182","Capi Home",1
408312404,"https://www.airbnb.com/users/show/408312404","Arda",1
411537965,"https://www.airbnb.com/users/show/411537965","Kurtulus",1
411908067,"https://www.airbnb.com/users/show/411908067","Merve",1
412032771,"https://www.airbnb.com/users/show/412032771","Eylem",1
412116759,"https://www.airbnb.com/users/show/412116759","Neslihan",1
412219674,"https://www.airbnb.com/users/show/412219674","Mazlum",1
413195133,"https://www.airbnb.com/users/show/413195133","Cigdem",1
415027049,"https://www.airbnb.com/users/show/415027049","Suat",1
415066905,"https://www.airbnb.com/users/show/415066905","Rabab",1
416124371,"https://www.airbnb.com/users/show/416124371","Türkan",1
417120134,"https://www.airbnb.com/users/show/417120134","Bülent",1
418232140,"https://www.airbnb.com/users/show/418232140","Süleyman",1
418946309,"https://www.airbnb.com/users/show/418946309","Hajer",1
419574724,"https://www.airbnb.com/users/show/419574724","Tayfur",1
419966649,"https://www.airbnb.com/users/show/419966649","Hasan",1
420775988,"https://www.airbnb.com/users/show/420775988","Osman",1
420966899,"https://www.airbnb.com/users/show/420966899","Mucahit",1
421004008,"https://www.airbnb.com/users/show/421004008","Ahmad",1
421293801,"https://www.airbnb.com/users/show/421293801","Tuba",1
422591782,"https://www.airbnb.com/users/show/422591782","Kumsal",1
422826891,"https://www.airbnb.com/users/show/422826891","Yusuf",1
423382661,"https://www.airbnb.com/users/show/423382661","Said",1
423387747,"https://www.airbnb.com/users/show/423387747","Doğa",1
423470903,"https://www.airbnb.com/users/show/423470903","Çisel",1
425875375,"https://www.airbnb.com/users/show/425875375","Furkan",1
426038985,"https://www.airbnb.com/users/show/426038985","Furkan",1
426042033,"https://www.airbnb.com/users/show/426042033","Nitish",1
426770001,"https://www.airbnb.com/users/show/426770001","Smf Turizm",1
427603325,"https://www.airbnb.com/users/show/427603325","Cityloft Hotels",1
427759139,"https://www.airbnb.com/users/show/427759139","Ali İbrahim",1
428960488,"https://www.airbnb.com/users/show/428960488","Khorai",1
429286088,"https://www.airbnb.com/users/show/429286088","Vedat",1
429789186,"https://www.airbnb.com/users/show/429789186","Ali",1
429905411,"https://www.airbnb.com/users/show/429905411","Selman",1
430052678,"https://www.airbnb.com/users/show/430052678","Ali",1
430061904,"https://www.airbnb.com/users/show/430061904","İrem & Erdi",1
430541466,"https://www.airbnb.com/users/show/430541466","Timeks Hotel",1
430923973,"https://www.airbnb.com/users/show/430923973","Mustafa",1
434112943,"https://www.airbnb.com/users/show/434112943","Ceylan",1
434507786,"https://www.airbnb.com/users/show/434507786","Elif",1
436285770,"https://www.airbnb.com/users/show/436285770","Harun",1
436416081,"https://www.airbnb.com/users/show/436416081","Saba",1
436488444,"https://www.airbnb.com/users/show/436488444","Tuğba",1
436632207,"https://www.airbnb.com/users/show/436632207","Murat",1
437076169,"https://www.airbnb.com/users/show/437076169","Hakan",1
437650466,"https://www.airbnb.com/users/show/437650466","Ismail",1
438861804,"https://www.airbnb.com/users/show/438861804","Kürşad",1
438876582,"https://www.airbnb.com/users/show/438876582","Ümit",1
440992509,"https://www.airbnb.com/users/show/440992509","Can",1
441817162,"https://www.airbnb.com/users/show/441817162","Maryam",1
442028545,"https://www.airbnb.com/users/show/442028545","Ruşen",1
442948300,"https://www.airbnb.com/users/show/442948300","Jossef",1
444374822,"https://www.airbnb.com/users/show/444374822","Alper",1
444899320,"https://www.airbnb.com/users/show/444899320","Ceyda",1
445555321,"https://www.airbnb.com/users/show/445555321","Mert",1
445835343,"https://www.airbnb.com/users/show/445835343","Adem",1
445985942,"https://www.airbnb.com/users/show/445985942","Vedat",1
446813764,"https://www.airbnb.com/users/show/446813764","Bünyamin",1
447347398,"https://www.airbnb.com/users/show/447347398","Orhan",1
447401252,"https://www.airbnb.com/users/show/447401252","Sue",1
447879961,"https://www.airbnb.com/users/show/447879961","Abdullah",1
448190830,"https://www.airbnb.com/users/show/448190830","Süleyman",1
448710102,"https://www.airbnb.com/users/show/448710102","Mitra",1
449549355,"https://www.airbnb.com/users/show/449549355","Samira",1
450457352,"https://www.airbnb.com/users/show/450457352","Emrullah",1
450637893,"https://www.airbnb.com/users/show/450637893","Serkan",1
451350013,"https://www.airbnb.com/users/show/451350013","Aynur",1
451503695,"https://www.airbnb.com/users/show/451503695","Emir",1
452361405,"https://www.airbnb.com/users/show/452361405","Yavuz",1
452388467,"https://www.airbnb.com/users/show/452388467","Faruk",1
452896306,"https://www.airbnb.com/users/show/452896306","Aydın",1
453572963,"https://www.airbnb.com/users/show/453572963","Sandra Anna Marianne",1
453818702,"https://www.airbnb.com/users/show/453818702","Comelivego",1
454009783,"https://www.airbnb.com/users/show/454009783","Semira",1
454245671,"https://www.airbnb.com/users/show/454245671","Watchara",1
454391203,"https://www.airbnb.com/users/show/454391203","Hüseyin",1
455173081,"https://www.airbnb.com/users/show/455173081","Onur Kürşat",1
455222671,"https://www.airbnb.com/users/show/455222671","Celal",1
455522486,"https://www.airbnb.com/users/show/455522486","Kifah",1
455763371,"https://www.airbnb.com/users/show/455763371","Diren",1
455773333,"https://www.airbnb.com/users/show/455773333","Yasin",1
455997157,"https://www.airbnb.com/users/show/455997157","Nazım",1
456154899,"https://www.airbnb.com/users/show/456154899","Yunus Emre",1
456444979,"https://www.airbnb.com/users/show/456444979","Liliya",1
456586297,"https://www.airbnb.com/users/show/456586297","Hakan",1
456588746,"https://www.airbnb.com/users/show/456588746","Tolga",1
456634751,"https://www.airbnb.com/users/show/456634751","Kahraman",1
457218361,"https://www.airbnb.com/users/show/457218361","The Lima",1
457257839,"https://www.airbnb.com/users/show/457257839","Ramin",1
458587803,"https://www.airbnb.com/users/show/458587803","Kenan",1
459210800,"https://www.airbnb.com/users/show/459210800","Umut",1
459431980,"https://www.airbnb.com/users/show/459431980","Sevgi",1
460398170,"https://www.airbnb.com/users/show/460398170","Çekdar",1
460495252,"https://www.airbnb.com/users/show/460495252","Yunus Emre",1
460926465,"https://www.airbnb.com/users/show/460926465","Bugra Tan",1
461011595,"https://www.airbnb.com/users/show/461011595","Gökhan",1
461170587,"https://www.airbnb.com/users/show/461170587","Tolga",1
462027467,"https://www.airbnb.com/users/show/462027467","Kemal",1
462327490,"https://www.airbnb.com/users/show/462327490","Muhammet",1
462498782,"https://www.airbnb.com/users/show/462498782","Şeyhmus",1
462618750,"https://www.airbnb.com/users/show/462618750","Merve",1
462909202,"https://www.airbnb.com/users/show/462909202","Ömer",1
462999982,"https://www.airbnb.com/users/show/462999982","Mert",1
463673475,"https://www.airbnb.com/users/show/463673475","Alperen",1
463855936,"https://www.airbnb.com/users/show/463855936","Ali Murat",1
464694985,"https://www.airbnb.com/users/show/464694985","Alaa",1
465051741,"https://www.airbnb.com/users/show/465051741","Veysi",1
465561268,"https://www.airbnb.com/users/show/465561268","Kiana",1
466875446,"https://www.airbnb.com/users/show/466875446","Zin D Sefin",1
467089060,"https://www.airbnb.com/users/show/467089060","Emir İlker",1
467400048,"https://www.airbnb.com/users/show/467400048","Ali",1
467745547,"https://www.airbnb.com/users/show/467745547","Anıl Berkay",1
469483719,"https://www.airbnb.com/users/show/469483719","Tarbiya",1
469607107,"https://www.airbnb.com/users/show/469607107","Tuba",1
470368488,"https://www.airbnb.com/users/show/470368488","Bosphorus Residence",1
472051726,"https://www.airbnb.com/users/show/472051726","Saba",1
472325821,"https://www.airbnb.com/users/show/472325821","Celal",1
472891809,"https://www.airbnb.com/users/show/472891809","Ali",1
473471758,"https://www.airbnb.com/users/show/473471758","Engin",1
473492024,"https://www.airbnb.com/users/show/473492024","Ahlatli Turizm",1
473730433,"https://www.airbnb.com/users/show/473730433","Buşra",1
473781001,"https://www.airbnb.com/users/show/473781001","Hakan",1
474520032,"https://www.airbnb.com/users/show/474520032","Gülay",1
474764542,"https://www.airbnb.com/users/show/474764542","Abdullah",1
476584696,"https://www.airbnb.com/users/show/476584696","Gizem",1
477210176,"https://www.airbnb.com/users/show/477210176","Aydın",1
478365407,"https://www.airbnb.com/users/show/478365407","Efe",1
478979717,"https://www.airbnb.com/users/show/478979717","Mari",1
479783428,"https://www.airbnb.com/users/show/479783428","Erol",1
482911386,"https://www.airbnb.com/users/show/482911386","Erhan",1
483811296,"https://www.airbnb.com/users/show/483811296","Serhat",1
484138986,"https://www.airbnb.com/users/show/484138986","Mahsum",1
484237563,"https://www.airbnb.com/users/show/484237563","Ali",1
485953402,"https://www.airbnb.com/users/show/485953402","Tayfun",1
486230056,"https://www.airbnb.com/users/show/486230056","Abdullah",1
115347,"https://www.airbnb.com/users/show/115347","Yavuz Can",1
487813531,"https://www.airbnb.com/users/show/487813531","Diyar",1
121607,"https://www.airbnb.com/users/show/121607","Alen Ziya",1
163554,"https://www.airbnb.com/users/show/163554","Enil Faruk",1
550934,"https://www.airbnb.com/users/show/550934","Melissa Yasemin",1
666066,"https://www.airbnb.com/users/show/666066","Ali",1
825635,"https://www.airbnb.com/users/show/825635","Merve",1
923172,"https://www.airbnb.com/users/show/923172","Tansel",1
1172202,"https://www.airbnb.com/users/show/1172202","Funda",1
1177813,"https://www.airbnb.com/users/show/1177813","Hasan",1
1240900,"https://www.airbnb.com/users/show/1240900","Alberto",1
1277051,"https://www.airbnb.com/users/show/1277051","Mehboob",1
1298849,"https://www.airbnb.com/users/show/1298849","Berkan",1
1438635,"https://www.airbnb.com/users/show/1438635","Ali",1
1542021,"https://www.airbnb.com/users/show/1542021","İlhan",1
1668547,"https://www.airbnb.com/users/show/1668547","Emel",1
1768269,"https://www.airbnb.com/users/show/1768269","Robin",1
1806391,"https://www.airbnb.com/users/show/1806391","Arzu",1
1806816,"https://www.airbnb.com/users/show/1806816","Kaboom Guest House",1
1869420,"https://www.airbnb.com/users/show/1869420","Asli-Ali",1
2054075,"https://www.airbnb.com/users/show/2054075","Doret & Izel",1
2248444,"https://www.airbnb.com/users/show/2248444","Pinar",1
2464199,"https://www.airbnb.com/users/show/2464199","Fahrettin",1
2482520,"https://www.airbnb.com/users/show/2482520","Eyup",1
2541656,"https://www.airbnb.com/users/show/2541656","Başak",1
2552453,"https://www.airbnb.com/users/show/2552453","Ozkan",1
2618254,"https://www.airbnb.com/users/show/2618254","Dodo",1
2618723,"https://www.airbnb.com/users/show/2618723","Miray",1
2671171,"https://www.airbnb.com/users/show/2671171","Emir",1
2803664,"https://www.airbnb.com/users/show/2803664","Furkan",1
2836764,"https://www.airbnb.com/users/show/2836764","Cerith",1
3144818,"https://www.airbnb.com/users/show/3144818","Semih",1
3153216,"https://www.airbnb.com/users/show/3153216","Jelena",1
3162254,"https://www.airbnb.com/users/show/3162254","Adem",1
3187078,"https://www.airbnb.com/users/show/3187078","Buket",1
3242426,"https://www.airbnb.com/users/show/3242426","Kadir",1
3379740,"https://www.airbnb.com/users/show/3379740","Sila",1
3441548,"https://www.airbnb.com/users/show/3441548","Perihan",1
3560383,"https://www.airbnb.com/users/show/3560383","Orkun",1
3742692,"https://www.airbnb.com/users/show/3742692","Elif",1
3944343,"https://www.airbnb.com/users/show/3944343","Ayla",1
4137180,"https://www.airbnb.com/users/show/4137180","Ahmet",1
4381034,"https://www.airbnb.com/users/show/4381034","Zeynep",1
4402515,"https://www.airbnb.com/users/show/4402515","Astrid",1
5039210,"https://www.airbnb.com/users/show/5039210","Ferhan",1
5208181,"https://www.airbnb.com/users/show/5208181","Revşan",1
5213558,"https://www.airbnb.com/users/show/5213558","Hatice",1
5287634,"https://www.airbnb.com/users/show/5287634","Hasan",1
5582235,"https://www.airbnb.com/users/show/5582235","Nadia",1
5595644,"https://www.airbnb.com/users/show/5595644","Berk",1
5649277,"https://www.airbnb.com/users/show/5649277","Isak Izi",1
5780153,"https://www.airbnb.com/users/show/5780153","Idil",1
5995910,"https://www.airbnb.com/users/show/5995910","Aslı",1
6088298,"https://www.airbnb.com/users/show/6088298","Taha",1
6161095,"https://www.airbnb.com/users/show/6161095","Alper",1
6347560,"https://www.airbnb.com/users/show/6347560","Esra",1
6403505,"https://www.airbnb.com/users/show/6403505","A.Buğra",1
6649170,"https://www.airbnb.com/users/show/6649170","Nil And Hikmet",1
6735146,"https://www.airbnb.com/users/show/6735146","Noa",1
6754227,"https://www.airbnb.com/users/show/6754227","Enise",1
7700968,"https://www.airbnb.com/users/show/7700968","Irem",1
7714907,"https://www.airbnb.com/users/show/7714907","Merve, Arif, Emre",1
7828633,"https://www.airbnb.com/users/show/7828633","Erkin",1
7970790,"https://www.airbnb.com/users/show/7970790","Lisya",1
8073183,"https://www.airbnb.com/users/show/8073183","Hatice",1
8253194,"https://www.airbnb.com/users/show/8253194","Mr Ramazan",1
8667929,"https://www.airbnb.com/users/show/8667929","Arek",1
8688607,"https://www.airbnb.com/users/show/8688607","Julie",1
9401668,"https://www.airbnb.com/users/show/9401668","Serpil",1
9695575,"https://www.airbnb.com/users/show/9695575","Rasim",1
9707790,"https://www.airbnb.com/users/show/9707790","Eray",1
9910238,"https://www.airbnb.com/users/show/9910238","Murat",1
10613916,"https://www.airbnb.com/users/show/10613916","Mehmet",1
10648396,"https://www.airbnb.com/users/show/10648396","Emre",1
10790256,"https://www.airbnb.com/users/show/10790256","Farouq",1
11229126,"https://www.airbnb.com/users/show/11229126","Zehra",1
11565075,"https://www.airbnb.com/users/show/11565075","Ugur",1
11597638,"https://www.airbnb.com/users/show/11597638","Dilek",1
12030616,"https://www.airbnb.com/users/show/12030616","Ergin",1
12094732,"https://www.airbnb.com/users/show/12094732","Deniz",1
12207425,"https://www.airbnb.com/users/show/12207425","Serdar",1
12574816,"https://www.airbnb.com/users/show/12574816","Calanthe",1
12691959,"https://www.airbnb.com/users/show/12691959","Mahmut",1
12756893,"https://www.airbnb.com/users/show/12756893","Demir",1
13143367,"https://www.airbnb.com/users/show/13143367","Gurubish",1
13306236,"https://www.airbnb.com/users/show/13306236","Efecan",1
13368778,"https://www.airbnb.com/users/show/13368778","Turner",1
13385335,"https://www.airbnb.com/users/show/13385335","Tayfun",1
13394984,"https://www.airbnb.com/users/show/13394984","Guzel",1
13594447,"https://www.airbnb.com/users/show/13594447","Shanti",1
13918324,"https://www.airbnb.com/users/show/13918324","Oyku",1
13930586,"https://www.airbnb.com/users/show/13930586","Devran",1
14674999,"https://www.airbnb.com/users/show/14674999","Akin",1
15325507,"https://www.airbnb.com/users/show/15325507","Alper",1
15506158,"https://www.airbnb.com/users/show/15506158","Cesur",1
15600860,"https://www.airbnb.com/users/show/15600860","Selim",1
15895168,"https://www.airbnb.com/users/show/15895168","Fatih",1
16078628,"https://www.airbnb.com/users/show/16078628","İsmail",1
16907406,"https://www.airbnb.com/users/show/16907406","Taylan",1
17294177,"https://www.airbnb.com/users/show/17294177","Emre",1
18256295,"https://www.airbnb.com/users/show/18256295","Rifat",1
19247240,"https://www.airbnb.com/users/show/19247240","Alexandra",1
19633173,"https://www.airbnb.com/users/show/19633173","Zeynep & Gökhan",1
19676247,"https://www.airbnb.com/users/show/19676247","Nilay",1
19735125,"https://www.airbnb.com/users/show/19735125","Demet",1
19976561,"https://www.airbnb.com/users/show/19976561","Erol",1
20015157,"https://www.airbnb.com/users/show/20015157","Mehmet",1
20175342,"https://www.airbnb.com/users/show/20175342","Nick",1
20401140,"https://www.airbnb.com/users/show/20401140","Miray",1
20712669,"https://www.airbnb.com/users/show/20712669","Island Apart Hotel",1
20844601,"https://www.airbnb.com/users/show/20844601","Yusuf",1
20879246,"https://www.airbnb.com/users/show/20879246","Dilan",1
21157339,"https://www.airbnb.com/users/show/21157339","Lale",1
21324857,"https://www.airbnb.com/users/show/21324857","Burcu",1
21533965,"https://www.airbnb.com/users/show/21533965","Oval",1
21593285,"https://www.airbnb.com/users/show/21593285","Ozlem",1
21913149,"https://www.airbnb.com/users/show/21913149","Firdevs",1
22311246,"https://www.airbnb.com/users/show/22311246","Mounia",1
22635461,"https://www.airbnb.com/users/show/22635461","Tümay",1
22745013,"https://www.airbnb.com/users/show/22745013","Aston",1
23037290,"https://www.airbnb.com/users/show/23037290","Ömer",1
23138260,"https://www.airbnb.com/users/show/23138260","Aysun&Nima",1
23772567,"https://www.airbnb.com/users/show/23772567","Sera",1
24070165,"https://www.airbnb.com/users/show/24070165","Ahmet",1
24269943,"https://www.airbnb.com/users/show/24269943","Özgür",1
24372853,"https://www.airbnb.com/users/show/24372853","Ishann",1
24551553,"https://www.airbnb.com/users/show/24551553","Pinar",1
24669238,"https://www.airbnb.com/users/show/24669238","Ersen",1
24729226,"https://www.airbnb.com/users/show/24729226","Rahsan",1
24771689,"https://www.airbnb.com/users/show/24771689","Aziz",1
24776786,"https://www.airbnb.com/users/show/24776786","Qahar",1
24925273,"https://www.airbnb.com/users/show/24925273","Danyal",1
25028518,"https://www.airbnb.com/users/show/25028518","Buse",1
26045721,"https://www.airbnb.com/users/show/26045721","Huseyin Asim",1
27585120,"https://www.airbnb.com/users/show/27585120","Ayşen",1
27787812,"https://www.airbnb.com/users/show/27787812","Tevfik",1
28375315,"https://www.airbnb.com/users/show/28375315","Kazim",1
28553908,"https://www.airbnb.com/users/show/28553908","Umut",1
30549921,"https://www.airbnb.com/users/show/30549921","Ari",1
31201220,"https://www.airbnb.com/users/show/31201220","Hidir",1
31403169,"https://www.airbnb.com/users/show/31403169","Murat",1
32180071,"https://www.airbnb.com/users/show/32180071","Erhan",1
33174017,"https://www.airbnb.com/users/show/33174017","Ata",1
33633665,"https://www.airbnb.com/users/show/33633665","Onur",1
33669241,"https://www.airbnb.com/users/show/33669241","Enes",1
34187305,"https://www.airbnb.com/users/show/34187305","Can Aslan",1
34255768,"https://www.airbnb.com/users/show/34255768","Osman",1
34416018,"https://www.airbnb.com/users/show/34416018","Muro",1
34531550,"https://www.airbnb.com/users/show/34531550","Carolina",1
35882848,"https://www.airbnb.com/users/show/35882848","Günay",1
35931761,"https://www.airbnb.com/users/show/35931761","Osman",1
36784261,"https://www.airbnb.com/users/show/36784261","Hilal",1
37198132,"https://www.airbnb.com/users/show/37198132","Semih",1
37392823,"https://www.airbnb.com/users/show/37392823","Hayrettin",1
39673267,"https://www.airbnb.com/users/show/39673267","Andres",1
40033067,"https://www.airbnb.com/users/show/40033067","Aytunç",1
40169007,"https://www.airbnb.com/users/show/40169007","Nail",1
40405810,"https://www.airbnb.com/users/show/40405810","Mustafa Barış",1
40592344,"https://www.airbnb.com/users/show/40592344","Abdurrahim",1
40949635,"https://www.airbnb.com/users/show/40949635","Arzu & Ozancan",1
42834314,"https://www.airbnb.com/users/show/42834314","Ahmet",1
43810816,"https://www.airbnb.com/users/show/43810816","Ezgi",1
44145203,"https://www.airbnb.com/users/show/44145203","Hakan",1
44678293,"https://www.airbnb.com/users/show/44678293","Jale",1
45578315,"https://www.airbnb.com/users/show/45578315","Ecem",1
45588188,"https://www.airbnb.com/users/show/45588188","Buğra",1
45886108,"https://www.airbnb.com/users/show/45886108","Murat",1
46340311,"https://www.airbnb.com/users/show/46340311","Galateia",1
46439088,"https://www.airbnb.com/users/show/46439088","Gökçe",1
47165712,"https://www.airbnb.com/users/show/47165712","Mert",1
47169554,"https://www.airbnb.com/users/show/47169554","Stay Inn Taksim",1
47192193,"https://www.airbnb.com/users/show/47192193","Yaren",1
47404369,"https://www.airbnb.com/users/show/47404369","Oktay",1
48037874,"https://www.airbnb.com/users/show/48037874","Ş.Sezai",1
50038823,"https://www.airbnb.com/users/show/50038823","TC Hale",1
51149502,"https://www.airbnb.com/users/show/51149502","Burak",1
52207319,"https://www.airbnb.com/users/show/52207319","Kemal",1
54580932,"https://www.airbnb.com/users/show/54580932","Tufan",1
55152407,"https://www.airbnb.com/users/show/55152407","Missy",1
56450603,"https://www.airbnb.com/users/show/56450603","Gence",1
57033197,"https://www.airbnb.com/users/show/57033197","Murat",1
57436134,"https://www.airbnb.com/users/show/57436134","Çiğdem",1
57790793,"https://www.airbnb.com/users/show/57790793","Rubil",1
57895721,"https://www.airbnb.com/users/show/57895721","Utku",1
60252605,"https://www.airbnb.com/users/show/60252605","Selay",1
61061847,"https://www.airbnb.com/users/show/61061847","Hayrullah Selami",1
64005421,"https://www.airbnb.com/users/show/64005421","Güven",1
64341054,"https://www.airbnb.com/users/show/64341054","Fatih",1
64956002,"https://www.airbnb.com/users/show/64956002","Faruk",1
66778229,"https://www.airbnb.com/users/show/66778229","Adnan Kemal",1
67601315,"https://www.airbnb.com/users/show/67601315","Aydin",1
67720635,"https://www.airbnb.com/users/show/67720635","Andromeda",1
69523003,"https://www.airbnb.com/users/show/69523003","Aykut",1
69623558,"https://www.airbnb.com/users/show/69623558","Ali",1
69728291,"https://www.airbnb.com/users/show/69728291","Reema",1
70106187,"https://www.airbnb.com/users/show/70106187","Selçuk",1
70217851,"https://www.airbnb.com/users/show/70217851","Adroniki",1
70980869,"https://www.airbnb.com/users/show/70980869","Uğur",1
71145574,"https://www.airbnb.com/users/show/71145574","Bugra",1
72666837,"https://www.airbnb.com/users/show/72666837","Axel",1
74019005,"https://www.airbnb.com/users/show/74019005","Serhat",1
74088203,"https://www.airbnb.com/users/show/74088203","Yeşim",1
74285317,"https://www.airbnb.com/users/show/74285317","Ayse",1
74601202,"https://www.airbnb.com/users/show/74601202","Elcin",1
75161779,"https://www.airbnb.com/users/show/75161779","Omer",1
75344364,"https://www.airbnb.com/users/show/75344364","Murat",1
76803773,"https://www.airbnb.com/users/show/76803773","Konuralp",1
77941603,"https://www.airbnb.com/users/show/77941603","Serkan",1
79201183,"https://www.airbnb.com/users/show/79201183","Aytaç",1
80173531,"https://www.airbnb.com/users/show/80173531","Sana",1
80520926,"https://www.airbnb.com/users/show/80520926","Sedat",1
83214269,"https://www.airbnb.com/users/show/83214269","Mustafa",1
83950466,"https://www.airbnb.com/users/show/83950466","Cem",1
85276100,"https://www.airbnb.com/users/show/85276100","Hasan Sermet",1
87410942,"https://www.airbnb.com/users/show/87410942","Ameen",1
88629121,"https://www.airbnb.com/users/show/88629121","Ilyas",1
88699345,"https://www.airbnb.com/users/show/88699345","Hasan",1
89297069,"https://www.airbnb.com/users/show/89297069","Ece",1
89349890,"https://www.airbnb.com/users/show/89349890","Levent",1
93019909,"https://www.airbnb.com/users/show/93019909","Alper",1
96641611,"https://www.airbnb.com/users/show/96641611","Adam",1
97511378,"https://www.airbnb.com/users/show/97511378","Ugur",1
100672952,"https://www.airbnb.com/users/show/100672952","Görkem",1
101967068,"https://www.airbnb.com/users/show/101967068","Murat",1
103185849,"https://www.airbnb.com/users/show/103185849","J. Mete",1
103481072,"https://www.airbnb.com/users/show/103481072","Social",1
103585853,"https://www.airbnb.com/users/show/103585853","Kemal",1
104626413,"https://www.airbnb.com/users/show/104626413","Azamatjon",1
105932424,"https://www.airbnb.com/users/show/105932424","Mehmet",1
110963228,"https://www.airbnb.com/users/show/110963228","Halil",1
113365720,"https://www.airbnb.com/users/show/113365720","Oben",1
116186199,"https://www.airbnb.com/users/show/116186199","Ilayda E.",1
120193818,"https://www.airbnb.com/users/show/120193818","Shiva",1
123623588,"https://www.airbnb.com/users/show/123623588","Pasant",1
125180456,"https://www.airbnb.com/users/show/125180456","Baybars",1
132678504,"https://www.airbnb.com/users/show/132678504","Fatih",1
133399422,"https://www.airbnb.com/users/show/133399422","Omer",1
139104797,"https://www.airbnb.com/users/show/139104797","Wassim",1
139217168,"https://www.airbnb.com/users/show/139217168","Ecem",1
139599827,"https://www.airbnb.com/users/show/139599827","Charlotte And Rich",1
140566627,"https://www.airbnb.com/users/show/140566627","Diclé",1
140891269,"https://www.airbnb.com/users/show/140891269","Elif",1
144442006,"https://www.airbnb.com/users/show/144442006","Funda",1
145113663,"https://www.airbnb.com/users/show/145113663","Hami",1
145321264,"https://www.airbnb.com/users/show/145321264","Burcu",1
145947650,"https://www.airbnb.com/users/show/145947650","Nil",1
145954209,"https://www.airbnb.com/users/show/145954209","Mert",1
146004114,"https://www.airbnb.com/users/show/146004114","Ali Rıza",1
146088852,"https://www.airbnb.com/users/show/146088852","Erdal",1
146382202,"https://www.airbnb.com/users/show/146382202","Hussam",1
148918172,"https://www.airbnb.com/users/show/148918172","Miran",1
149048434,"https://www.airbnb.com/users/show/149048434","Sühendan",1
151076454,"https://www.airbnb.com/users/show/151076454","Bilgehan",1
151209115,"https://www.airbnb.com/users/show/151209115","Yıldıray",1
154053123,"https://www.airbnb.com/users/show/154053123","Tughan",1
155581969,"https://www.airbnb.com/users/show/155581969","Olcay",1
156206170,"https://www.airbnb.com/users/show/156206170","Onur",1
158680805,"https://www.airbnb.com/users/show/158680805","Servet",1
158800482,"https://www.airbnb.com/users/show/158800482","Cüneyt",1
159283889,"https://www.airbnb.com/users/show/159283889","Eylül",1
160993210,"https://www.airbnb.com/users/show/160993210","Beliz",1
161938727,"https://www.airbnb.com/users/show/161938727","Murat",1
162120611,"https://www.airbnb.com/users/show/162120611","Abdurrahman",1
163340695,"https://www.airbnb.com/users/show/163340695","Andrew And Kardelen",1
164923148,"https://www.airbnb.com/users/show/164923148","Osmann",1
165655811,"https://www.airbnb.com/users/show/165655811","Berker",1
167171141,"https://www.airbnb.com/users/show/167171141","Ilkem Onur",1
167808860,"https://www.airbnb.com/users/show/167808860","Ömer",1
168293201,"https://www.airbnb.com/users/show/168293201","Yiğit",1
170212362,"https://www.airbnb.com/users/show/170212362","Samet",1
171856417,"https://www.airbnb.com/users/show/171856417","Gafur",1
172469903,"https://www.airbnb.com/users/show/172469903","Hakan",1
172847013,"https://www.airbnb.com/users/show/172847013","Duygu",1
173232302,"https://www.airbnb.com/users/show/173232302","Sirenam",1
174930184,"https://www.airbnb.com/users/show/174930184","Nasri",1
177711603,"https://www.airbnb.com/users/show/177711603","Fatih",1
179164961,"https://www.airbnb.com/users/show/179164961","Yousef",1
181064753,"https://www.airbnb.com/users/show/181064753","Ferhat",1
186101841,"https://www.airbnb.com/users/show/186101841","Gulfem",1
186778978,"https://www.airbnb.com/users/show/186778978","Serhat",1
187334045,"https://www.airbnb.com/users/show/187334045","Ali",1
188196687,"https://www.airbnb.com/users/show/188196687","Ali Can",1
189767857,"https://www.airbnb.com/users/show/189767857","Nurettin Muhlis",1
190710196,"https://www.airbnb.com/users/show/190710196","Sadaf",1
201871426,"https://www.airbnb.com/users/show/201871426","Cem",1
205321674,"https://www.airbnb.com/users/show/205321674","Mehmet",1
205503131,"https://www.airbnb.com/users/show/205503131","Okan",1
206952785,"https://www.airbnb.com/users/show/206952785","Abdelrahman",1
208184830,"https://www.airbnb.com/users/show/208184830","Senem",1
211277594,"https://www.airbnb.com/users/show/211277594","Mona",1
211715557,"https://www.airbnb.com/users/show/211715557","Anil",1
213664097,"https://www.airbnb.com/users/show/213664097","Dalmar",1
215333325,"https://www.airbnb.com/users/show/215333325","Doğukan",1
221590082,"https://www.airbnb.com/users/show/221590082","Dursun",1
221653026,"https://www.airbnb.com/users/show/221653026","Taner",1
222498637,"https://www.airbnb.com/users/show/222498637","Laçin",1
224698906,"https://www.airbnb.com/users/show/224698906","Sabahattin",1
226828538,"https://www.airbnb.com/users/show/226828538","Amr",1
227792101,"https://www.airbnb.com/users/show/227792101","Aslan Residence Beyoğlu",1
229531437,"https://www.airbnb.com/users/show/229531437","Ebru",1
229908014,"https://www.airbnb.com/users/show/229908014","Ayşegül",1
231899978,"https://www.airbnb.com/users/show/231899978","Emir",1
233783567,"https://www.airbnb.com/users/show/233783567","Enis",1
233892684,"https://www.airbnb.com/users/show/233892684","Aslıhan",1
235767883,"https://www.airbnb.com/users/show/235767883","Selcan",1
235848349,"https://www.airbnb.com/users/show/235848349","Gamze & Can",1
235957065,"https://www.airbnb.com/users/show/235957065","Sheyda",1
236158185,"https://www.airbnb.com/users/show/236158185","Erkan",1
237318267,"https://www.airbnb.com/users/show/237318267","Hakan",1
237748862,"https://www.airbnb.com/users/show/237748862","Ahmet",1
238798407,"https://www.airbnb.com/users/show/238798407","Farid",1
241476080,"https://www.airbnb.com/users/show/241476080","Ali",1
242867910,"https://www.airbnb.com/users/show/242867910","Doğuş",1
245041122,"https://www.airbnb.com/users/show/245041122","Bahadır",1
245267403,"https://www.airbnb.com/users/show/245267403","Volkan",1
